abilene | Abilene Christian University, Abilene, Texas 79699, USA
acadsin | Institute of Physics, Academia Sinica, Taipei 11529, Taiwan
banaras | Department of Physics, Banaras Hindu University, Varanasi 221005, India
barc | Bhabha Atomic Research Centre, Bombay 400 085, India
baruch | Baruch College, City University of New York, New York, New York, 10010 USA
bnlcoll | Collider-Accelerator Department, Brookhaven National Laboratory, Upton, New York 11973-5000, USA
charlesczech | Charles University, Ovocn\'{y} trh 5, Praha 1, 116 36, Prague, Czech Republic
ciae | Science and Technology on Nuclear Data Laboratory, China Institute of Atomic Energy, Beijing 102413, People's Republic of China
cns | Department of Physics, University of Tokyo, 7-3-1 Hongo, Bunkyo-ku, Tokyo 113, Japan
czechtech | Czech Technical University, Zikova 4, 166 36 Prague 6, Czech Republic
dapnia | Dapnia, CEA Saclay, F-91191, Gif-sur-Yvette, France
eszterhazy | Eszterh\'azy K\'aroly University, K\'aroly R\'obert Campus, H-3200 Gy\"ongy\"os, M\'atrai \'ut 36, Hungary
ewha | Ewha Womans University, Seoul 120-750, Korea
fit | Florida Institute of Technology, Melbourne, Florida 32901, USA
hanyang | Hanyang University, Seoul 133-792, Korea
ihepprot | IHEP Protvino, State Research Center of Russian Federation, Institute for High Energy Physics, Protvino, 142281, Russia
illuiuc | University of Illinois at Urbana-Champaign, Urbana, Illinois 61801, USA
inrras | Institute for Nuclear Research of the Russian Academy of Sciences, prospekt 60-letiya Oktyabrya 7a, Moscow 117312, Russia
instpasczech | Institute of Physics, Academy of Sciences of the Czech Republic, Na Slovance 2, 182 21 Prague 8, Czech Republic
jinrdubna | Joint Institute for Nuclear Research, 141980 Dubna, Moscow Region, Russia
jyvaskyla | Helsinki Institute of Physics and University of Jyv{\"a}skyl{\"a}, P.O.Box 35, FI-40014 Jyv{\"a}skyl{\"a}, Finland
kaeri | KAERI, Cyclotron Application Laboratory, Seoul, Korea
kangnung | Kangnung National University, Kangnung 210-702, Korea
kek | KEK, High Energy Accelerator Research Organization, Tsukuba, Ibaraki 305-0801, Japan
kurchatov | National Research Center ``Kurchatov Institute", Moscow, 123098 Russia
kyoto | Kyoto University, Kyoto 606-8502, Japan
labllr | Laboratoire Leprince-Ringuet, Ecole Polytechnique, CNRS-IN2P3, Route de Saclay, F-91128, Palaiseau, France
lahorelums | Physics Department, Lahore University of Management Sciences, Lahore 54792, Pakistan
lawllnl | Lawrence Livermore National Laboratory, Livermore, California 94550, USA
lpc | LPC, Universit{\'e} Blaise Pascal, CNRS-IN2P3, Clermont-Fd, 63177 Aubiere Cedex, France
lund | Department of Physics, Lund University, Box 118, SE-221 00 Lund, Sweden
lyon | IPNL, CNRS/IN2P3, Univ Lyon, Université Lyon 1, F-69622, Villeurbanne, France
maryland | University of Maryland, College Park, Maryland 20742, USA
mass | Department of Physics, University of Massachusetts, Amherst, Massachusetts 01003-9337, USA
muenster | Institut f\"ur Kernphysik, University of M\"unster, D-48149 M\"unster, Germany
muhlenberg | Muhlenberg College, Allentown, Pennsylvania 18104-5586, USA
myongji | Myongji University, Yongin, Kyonggido 449-728, Korea
nagasaki | Nagasaki Institute of Applied Science, Nagasaki-shi, Nagasaki 851-0193, Japan
natmephi | National Research Nuclear University, MEPhI, Moscow Engineering Physics Institute, Moscow, 115409, Russia
newmex | University of New Mexico, Albuquerque, New Mexico 87131, USA
orsay | IPN-Orsay, Univ.~Paris-Sud, CNRS/IN2P3, Universit\'e Paris-Saclay, BP1, F-91406, Orsay, France
peking | Peking University, Beijing 100871, People's Republic of China
rikkyo | Physics Department, Rikkyo University, 3-34-1 Nishi-Ikebukuro, Toshima, Tokyo 171-8501, Japan
saopaulo | Universidade de S{\~a}o Paulo, Instituto de F\'{\i}sica, Caixa Postal 66318, S{\~a}o Paulo CEP05315-970, Brazil
seoulnat | Department of Physics and Astronomy, Seoul National University, Seoul 151-742, Korea
stonybrkc | Chemistry Department, Stony Brook University, SUNY, Stony Brook, New York 11794-3400, USA
subatech | SUBATECH (Ecole des Mines de Nantes, CNRS-IN2P3, Universit{\'e} de Nantes) BP 20722-44307, Nantes, France
sungskku | Sungkyunkwan University, Suwon, 440-746, Korea
tenn | University of Tennessee, Knoxville, Tennessee 37996, USA
titech | Department of Physics, Tokyo Institute of Technology, Oh-okayama, Meguro, Tokyo 152-8551, Japan
tsukuba | Tomonaga Center for the History of the Universe, University of Tsukuba, Tsukuba, Ibaraki 305, Japan
waseda | Waseda University, Advanced Research Institute for Science and Engineering, 17  Kikui-cho, Shinjuku-ku, Tokyo 162-0044, Japan
weizmann | Weizmann Institute, Rehovot 76100, Israel
wigner | Institute for Particle and Nuclear Physics, Wigner Research Centre for Physics, Hungarian Academy of Sciences (Wigner RCP, RMKI) H-1525 Budapest 114, POBox 49, Budapest, Hungary
yonsei | Yonsei University, IPAP, Seoul 120-749, Korea
zagreb | Department of Physics, Faculty of Science, University of Zagreb, Bijeni\v{c}ka c.~32 HR-10002 Zagreb, Croatia
