augie | Department of Physics, Augustana University, Sioux Falls, South Dakota 57197, USA
bnlphys | Physics Department, Brookhaven National Laboratory, Upton, New York 11973-5000, USA
caucr | University of California-Riverside, Riverside, California 92521, USA
colorado | University of Colorado, Boulder, Colorado 80309, USA
columbia | Columbia University, New York, New York 10027 and Nevis Laboratories, Irvington, New York 10533, USA
debrecen | Debrecen University, H-4010 Debrecen, Egyetem ter 1, Hungary
elte | ELTE, Eotvos Lorand University, H-1117 Budapest, Pazmany P.s.1A, Hungary
ewha | Ewha Womans University, Seoul 120-750, Korea
famu | Florida A\&M University, Tallahassee, FL 32307, USA
fsu | Florida State University, Tallahassee, Florida 32306, USA
gsu | Georgia State University, Atlanta, Georgia 30303, USA
hiroshima | Hiroshima University, Kagamiyama, Higashi-Hiroshima 739-8526, Japan
howard | Department of Physics and Astronomy, Howard University, Washington, DC 20059, USA
isu | Iowa State University, Ames, Iowa 50011, USA
jaea | Advanced Science Research Center, Japan Atomic Energy Agency, 2-4 Shirakata Shirane, Tokai-mura, Naka-gun, Ibaraki-ken 319-1195, Japan
jeonbuk | Jeonbuk National University, Jeonju, 54896, Korea
korea | Korea University, Seoul 02841, Korea
losalamos | Los Alamos National Laboratory, Los Alamos, New Mexico 87545, USA
michigan | Department of Physics, University of Michigan, Ann Arbor, Michigan 48109-1040, USA
nara | Nara Women's University, Kita-uoya Nishi-machi Nara 630-8506, Japan
natmephi | National Research Nuclear University, MEPhI, Moscow Engineering Physics Institute, Moscow, 115409, Russia
nmsu | New Mexico State University, Las Cruces, New Mexico 88003, USA
northcg | Physics and Astronomy Department, University of North Carolina at Greensboro, Greensboro, North Carolina 27412, USA
ohio | Department of Physics and Astronomy, Ohio University, Athens, Ohio 45701, USA
ornl | Oak Ridge National Laboratory, Oak Ridge, Tennessee 37831, USA
pnpi | PNPI, Petersburg Nuclear Physics Institute, Gatchina, Leningrad region, 188300, Russia
pusan | Pusan National University, Pusan 46241, Korea
riken | RIKEN Nishina Center for Accelerator-Based Science, Wako, Saitama 351-0198, Japan
rikjrbrc | RIKEN BNL Research Center, Brookhaven National Laboratory, Upton, New York 11973-5000, USA
saispbstu | Saint Petersburg State Polytechnic University, St.Petersburg, 195251 Russia
stonycrkp | Department of Physics and Astronomy, Stony Brook University, SUNY, Stony Brook, New York 11794-3800, USA
texsu | Texas Southern University, Houston, TX 77004, USA
tsukuba | Tomonaga Center for the History of the Universe, University of Tsukuba, Tsukuba, Ibaraki 305, Japan
vandy | Vanderbilt University, Nashville, Tennessee 37235, USA
zambia | Department of Physics, School of Natural Sciences, University of Zambia, Great East Road Campus, Box 32379, Lusaka, Zambia
